Market,Call Letters,Radio.com Domain,Trending,AC,Adult Hits,Alternative,CHR / Top 40,Classic Hits,Classic Rock,Country,Hip Hop,Hot AC,Hot AC / Top 40 / CHR,News/Talk,R and B,Rock,Sports,Throwbacks,Urban
"Atlanta, GA",WSTR-FM,https://star941atlanta.radio.com,x,,,,,,,x,,x,x,,,,,,
"Atlanta, GA",WVEE-FM,https://v103.radio.com,x,,,,,,,,x,,,,,,,,x
"Atlanta, GA",WAOK-AM,https://waok.radio.com,,,,,,,,,,,,x,,,,,
"Atlanta, GA",WZGC-FM,https://929thegame.radio.com,,,,,,,,,,,,,,,x,,
Austin-TX,KAMX-FM,https://mix947.radio.com,x,,,,,,,,,x,x,,,,,,
Austin-TX,KKMJ-FM,https://majic.radio.com,x,x,,,,,,,,,,,,,,,
Austin-TX,KKMJ-HD3,https://hot959austin.radio.com,x,,,,,,,,,,,,,,,x,x
Austin-TX,KJCE-AM,https://talk1370.radio.com,,,,,,,,,,,,x,,,,,
"Baltimore, MD",WWMX-FM,https://mix1065baltimore.radio.com,x,,,,x,,,,,,x,,,,,,
"Baltimore, MD",WWMX-HD2,https://hfs.radio.com,,,,x,,,,,,,,,,,,,
"Baltimore, MD",WLIF-FM,https://todays1019.radio.com,x,x,,,,,,,,,,,,,,,
"Baltimore, MD",WJZ-AM,https://1057thefan.radio.com/wjz-am,,,,,,,,,,,,,,,x,,
"Baltimore, MD",WJZ-FM,https://1057thefan.radio.com,,,,,,,,,,,,,,,x,,
Boston-MA,WAAF-FM,https://waaf.radio.com,,,,,,,,,,,,,,x,,,
Boston-MA,WMJX-FM,https://magic1067.radio.com,x,x,,,,,,,,,,,,,,,
Boston-MA,WEEI-FM,https://weei.radio.com,,,,,,,,,,,,,,,x,,
"Boston, MA",WODS-FM,https://1033ampradio.radio.com,x,,,,x,,,,,,x,,,,,,
"Boston, MA",WWBX-FM,https://mix1041.radio.com,x,,,,,,,,,x,x,,,,,,
Buffalo-NY,WKSE-FM,https://kiss985.radio.com,x,,,,x,,,,,x,,,,,,,
Buffalo-NY,WLKK-FM,https://alternativebuffalo.radio.com,x,,,x,,,,,,,,,,,,,
Buffalo-NY,WLKK-HD2,https://1077thelake.radio.com,,,,,,x,x,,,,,,,,,,
Buffalo-NY,WTSS-FM,https://mystar1025.radio.com,x,,,,,,,,,x,x,,,,,,
Buffalo-NY,WWWS-AM,https://classicrbbuffalo.radio.com,x,,,,,,,,,,,,x,,,,x
Buffalo-NY,WBEN-AM,https://wben.radio.com,,,,,,,,,,,,x,,,,,
Buffalo-NY,WGR-AM,https://wgr550.radio.com,,,,,,,,,,,,,,,x,,
Buffalo-NY,WWKB-AM,https://espn1520.radio.com,,,,,,,,,,,,,,,x,,
Charlotte-NC,WLNK-FM,https://1079thelink.radio.com,,,,,,,,,,x,x,,,,,,
Charlotte-NC,WBT-AM/FM,https://wbt.radio.com,,,,,,,,,,,,x,,,,,
Charlotte-NC,WFNZ-AM,https://wfnz.radio.com,,,,,,,,,,,,,,,x,,
Chattanooga-TN,WKXJ-FM,https://kisschattanooga.radio.com,x,,,,x,,,,,,x,,,,,,
Chattanooga-TN,WLND-FM,https://981thelake.radio.com,x,x,,,,,,,,,,,,,,,
Chattanooga-TN,WRXR-FM,https://rock105.radio.com,,,,,,,x,,,,,,,x,,,
Chattanooga-TN,WUSY-FM,https://us101country.radio.com,x,,,,,,,x,,,,,,,,,
Chattanooga-TN,WUSY-HD2,https://real961.radio.com,x,,,,,,,,x,,,,,,,,x
"Chicago, IL",Culinary Kitchen,http://culinarykitchenchicago.com,,,,,,,,,,,,,,,,,
"Chicago, IL",WXRT-FM,https://wxrt.radio.com,,,,,,x,x,,,,,,,,,,
"Chicago, IL",WBBM-FM,https://b96.radio.com,x,,,,x,,,,,,x,,,,,,
"Chicago, IL",WUSN-FM,https://us99.radio.com,x,,,,,,,x,,,,,,,,,
"Chicago, IL",WBMX-FM,https://1043jams.radio.com,x,,,,,,,,,,,,,,,x,x
"Chicago, IL",EVNT-SS,https://starsandstrings.radio.com,,,,,,,,,,,,,,,,,
"Chicago, IL",WBBM-AM,https://wbbm780.radio.com,,,,,,,,,,,,x,,,,,
"Chicago, IL",WSCR-AM,https://670thescore.radio.com,,,,,,,,,,,,,,,x,,
"Cleveland, OH",WDOK-FM,https://star102cleveland.radio.com,x,x,,,,,,,,,,,,,,,
"Cleveland, OH",WNCX-FM,https://wncx.radio.com,,,,,,x,x,,,,,,,,,,
"Cleveland, OH",WQAL-FM,https://q104.radio.com,x,,,,,,,,,x,x,,,,,,
"Cleveland, OH",WKRK-FM,https://923thefan.radio.com,,,,,,,,,,,,,,,x,,
"Dallas, TX",KJKK-FM,https://jackontheweb.radio.com,x,,,,,x,,,,,,,,,,,
"Dallas, TX",KJKK-HD2,https://v1003dfw.radio.com,x,,,,,,,,x,,,,,,,,x
"Dallas, TX",KVIL-FM,https://alt1037dfw.radio.com,,,,x,,,,,,,,,,,,,
"Dallas, TX",KMVK-FM,https://lagrande1075.radio.com,,,,,,,,,,,,,,,,,
"Dallas, TX",KMVK-HD2,https://fierrohd.radio.com,,,,,,,,,,,,,,,,,
"Dallas, TX",KLUV-FM,https://kluv.radio.com/,x,x,,,,,,,,,,,,,,,
"Dallas, TX",DFW Restaurant Week,http://DFWrestaurantweek.com,,,,,,,,,,,,,,,,,
"Dallas, TX",KRLD-AM,https://krld.radio.com,,,,,,,,,,,,x,,,,,
"Dallas, TX",KRLD-FM,https://1053thefan.radio.com,,,,,,,,,,,,,,,x,,
Denver-CO,KALC-FM,https://alice1059.radio.com,,,,,,,,,,x,x,,,,,,
Denver-CO,KEZW-AM,https://ez1430.radio.com,x,x,,,,,,,,,,,,,,,
Denver-CO,KQKS-FM,https://ks1075.radio.com,,,,,,,,,x,,,,,,,,x
Denver-CO,KQKS-HD2,https://comedy1031.radio.com,,,,,,,,,,,,,,x,,,
Denver-CO,KQMT-FM,https://995themountain.radio.com,,,,,,x,x,,,,,,,,,,
"Detroit, MI",WDZH-FM,https://987thebreeze.radio.com,x,x,,,,,,,,,,,,,,,
"Detroit, MI",WYCD-FM,https://wycd.radio.com,x,,,,,,,x,,,,,,,,,
"Detroit, MI",WOMC-FM,https://womc.radio.com,x,,,,,x,,,,,,,,,,,
"Detroit, MI",Music Town Detroit,http://musictowndetroit.com,,,,,,,,,,,,,,,,,
"Detroit, MI",WXYT-AM,https://971theticket.radio.com/cbs-sports-radio-1270,,,,,,,,,,,,,,,x,,
"Detroit, MI",WWJ-AM,https://wwjnewsradio.radio.com,,,,,,,,,,,,x,,,,,
"Detroit, MI",WXYT-FM,https://971theticket.radio.com,,,,,,,,,,,,,,,x,,
Gainesville-FL,WKTK-FM,https://ktk985.radio.com,x,x,,,,,,,,,,,,,,,
Gainesville-FL,WSKY-FM,https://thesky973.radio.com,,,,,,,,,,,,x,,,,,
Greensboro-NC,WEAL-AM,https://1510weal.radio.com,,,,,,,,,,,,,,,,,
Greensboro-NC,WJMH-FM,https://102jamz.radio.com,x,,,,,,,,x,,,,,,,,x
Greensboro-NC,WPAW-FM,https://wycd.radio.com,x,,,,,,,x,,,,,,,,,
Greensboro-NC,WPET-AM,https://wpetam950.radio.com,,,,,,,,,,,,,,,,,
Greensboro-NC,WQMG-FM,https://wqmg.radio.com,x,,,,,,,,,,,,x,,,,x
Greensboro-NC,WSMW-FM,https://987simon.radio.com,x,,x,,,x,,,,,,,,,,,
Greenville-SC,WFBC-FM,https://b937.radio.com,,,,,x,,,,,,x,,,,,,
Greenville-SC,WFBC-HD2,https://963theblock.radio.com,x,,,,,,,,x,,,,,,,,x
Greenville-SC,WROQ-FM,https://classicrock1011.radio.com,,,,,,x,x,,,,,,,,,,
Greenville-SC,WSPA-FM,https://magic989.radio.com,x,x,,,,,,,,,,,,,,,
Greenville-SC,WTPT-FM,https://933theplanetrocks.radio.com,,,,,,,,,,,,,,x,,,
Greenville-SC,WYRD-FM,https://1063word.radio.com,,,,,,,,,,,,x,,,,,
Greenville-SC,WYRD-AM,https://espnupstate.radio.com,,,,,,,,,,,,,,,x,,
"Hartford, CT",WZMX-FM,https://hot937.radio.com,x,,,,,,,,x,,,,,,,,x
"Hartford, CT",WRCH-FM,https://wrch.radio.com,x,x,,,,,,,,,,,,,,,
"Hartford, CT",WTIC-FM,https://965tic.radio.com,x,,,,,,,,,x,x,,,,,,
"Hartford, CT",WTIC-AM,https://wtic.radio.com,,,,,,,,,,,,x,,,,,
"Houston, TX",KLOL-FM,https://klol.radio.com,,,,,,,,,,,,,,,,,
"Houston, TX",KHMX-FM,https://mix965houston.radio.com,x,,,,,,,,,x,x,,,,,,
"Houston, TX",KKHH-FM,https://957thespot.radio.com,x,,x,,,x,,,,,,,,,,,
"Houston, TX",KILT-FM,https://thebull.radio.com,x,,,,,,,x,,,,,,,,,
"Houston, TX",KIKK-AM,https://sportsradio610.radio.com/cbs-sports-radio-650,,,,,,,,,,,,,,,x,,
"Houston, TX",KILT-AM,https://sportsradio610.radio.com,,,,,,,,,,,,,,,x,,
KansasCity-KS,KQRC-FM,https://989therock.radio.com,,,,,,,,,,,,,,x,,,
KansasCity-KS,KRBZ-FM,https://965thebuzz.radio.com,,,,x,,,,,,,,,,,,,
KansasCity-KS,KZPT-FM,https://997thepoint.radio.com,x,,,,,,,,,x,x,,,,,,
KansasCity-KS,WDAF-FM,https://1065thewolf.radio.com,x,,,,,,,x,,,,,,,,,
KansasCity-KS,KMBZ-AM,https://talk980am.radio.com,,,,,,,,,,,,x,,,,,
KansasCity-KS,KMBZ-FM,https://kmbz.radio.com,,,,,,,,,,,,x,,,,,
KansasCity-KS,KCSP-AM,https://610sports.radio.com,,,,,,,,,,,,,,,x,,
"Las Vegas, NV",KXTE-FM,https://x1075lasvegas.radio.com,,,,x,,,,,,,,,,,,,
"Las Vegas, NV",KMXB-FM,https://mix941fm.radio.com,x,,,,,,,,,x,x,,,,,,
"Las Vegas, NV",KLUC-FM,https://kluc.radio.com,x,,,,x,,,,,,x,,,,,,
"Las Vegas, NV",KXQQ-FM,https://q100vegas.radio.com,x,,,,,,,,,,,,,,,x,x
"Las Vegas, NV",KXNT-AM,https://kxnt.radio.com,,,,,,,,,,,,x,,,,,
"Las Vegas, NV",KXST-AM,https://cbssportsradio1140.radio.com,,,,,,,,,,,,,,,x,,
"Los Angeles, CA",KROQ-FM,https://kroq.radio.com,,,,x,,,,,,,,,,,,,
"Los Angeles, CA",KROQ-HD2,https://roqofthe80s.radio.com,,,,,x,x,,,,,,,,,,,
"Los Angeles, CA",KTWV-FM,https://947thewave.radio.com,x,x,,,,,,,,,,,,,,,
"Los Angeles, CA",KRTH-FM,https://kearth101.radio.com,x,,x,,,x,,,,,,,,,,,
"Los Angeles, CA",KCBS-FM,https://931jackfm.radio.com,,,x,,,x,,,,,,,,,,,
"Los Angeles, CA",KAMP-FM,https://amp.radio.com,x,,,,x,,,,,,x,,,,,,
"Los Angeles, CA",KAMP-HD2,https://wearechannelq.radio.com,x,,,,,,,,,,,,,,,,
"Los Angeles, CA",We Can Survive,https://wecansurvive.radio.com/,,,,,,,,,,,,,,,,,
"Los Angeles, CA",DalyDownload,https://dalydownload.radio.com,,,,,,,,,,,,,,,,,
"Los Angeles, CA",KNX-AM,https://knx1070.radio.com,x,,,,,,,,,,,x,,,,,
Madison-WI,WMHX-FM,https://mix1051fm.radio.com,x,,,,,,,,,x,x,,,,,,
Madison-WI,WMMM-FM,https://1055triplem.radio.com,,,,x,,,,,,,,,,,,,
Madison-WI,WOLX-FM,https://wolx.radio.com,x,,x,,,x,,,,,,,,,,,
Memphis-TN,WLFP-FM,https://941thewolf.radio.com,x,,,,,,,x,,,,,,,,,
Memphis-TN,WMC-FM,https://fm100memphis.radio.com,x,,,,,,,,,x,x,,,,,,
Memphis-TN,WRVR-FM,https://1045theriver.radio.com,x,x,,,,,,,,,,,,,,,
Memphis-TN,WMFS-FM,https://929espn.radio.com,,,,,,,,,,,,,,,x,,
Miami-FL,WLYF-FM,https://litemiami.radio.com,x,x,,,,,,,,,,,,,,,
Miami-FL,WMXJ-FM,https://thebeachmiami.radio.com,x,,x,,,x,,,,,,,,,,,
Miami-FL,WSFS-FM,https://1043theshark.radio.com,,,,x,,,,,,,,,,,,,
Miami-FL,WPOW-FM,https://power96.radio.com,x,,,,x,,,,,,x,,,,,,
Miami-FL,WAXY-AM,https://theticketmiami.radio.com,,,,,,,,,,,,,,,x,,
Miami-FL,WQAM-AM,https://wqam.radio.com,,,,,,,,,,,,,,,x,,
"Miami, FL",WKIS-FM,https://wkis.radio.com,x,,,,,,,x,,,,,,,,,
Milwaukee-WI,WMYX-FM,https://991themix.radio.com,x,,,,,,,,,x,x,,,,,,
Milwaukee-WI,WXSS-FM,https://1037kissfm.radio.com,x,,,,x,,,,,,x,,,,,,
Milwaukee-WI,WMYX-HD2,https://www.metvfmmke.com/,x,,x,,,x,,,,,,,,,,,
Milwaukee-WI,WSSP-AM,https://1057fmthefan.radio.com,,,,,,,,,,,,,,,x,,
Milwaukee-WI,Bill Michaels Sports,https://billmichaelssports.radio.com,,,,,,,,,,,,,,,,,
"Minneapolis, MN",KMNB-FM,https://1029thewolf.radio.com,x,,,,,,,x,,,,,,,,,
"Minneapolis, MN",KZJK-FM,https://1041jackfm.radio.com,x,,x,,,x,,,,,,,,,,,
"Minneapolis, MN",WCCO-AM,https://wccoradio.radio.com,,,,,,,,,,,,x,,,,,
National,Radio.com,https://radio.com,,,,,,,,,,,,,,,,,
National,MensRoom,www.mensroomlive.com,,,,,,,,,,,,,,,,,
National,1THG-FM (1Thing),http://1thingus.com,,,,,,,,,,,,,,,,,
National,NATL-IL,https://imlistening.radio.com/,,,,,,,,,,,,,,,,,
National,Jim Rome,http://jimrome.com,,,,,,,,,,,,,,,,,
National,CBSSportsRadio,https://cbssportsradio.radio.com,,,,,,,,,,,,,,,x,,
"New York, NY",WNYL-FM,https://alt923.radio.com,,,,x,,,,,,,,,,,,,
"New York, NY",WNEW-FM,http://new1027.radio.com,x,,,,,,,,,x,x,,,,,,
"New York, NY",WCBS-FM,https://wcbsfm.radio.com,x,,x,,,x,,,,,,,,,,,
"New York, NY",WINS-AM,https://1010wins.radio.com,,,,,,,,,,,,x,,,,,
"New York, NY",WCBS-AM,https://wcbs880.radio.com,,,,,,,,,,,,x,,,,,
"New York, NY",WFAN-AM,https://wfan.radio.com,,,,,,,,,,,,,,,x,,
"New York, NY",WNSH-FM,https://newyorkscountry947.radio.com/,x,,,,,,,x,,,,,,,,,
NewOrleans_LA,WEZB-FM,https://b97.radio.com,x,,,,x,,,,,,x,,,,,,
NewOrleans_LA,WKBU-FM,https://bayou957.radio.com,,,,,,x,x,,,,,,,,,,
NewOrleans_LA,WLMG-FM,https://magic1019.radio.com,x,x,,,,,,,,,,,,,,,
NewOrleans_LA,WWWL-AM,https://hot929nola.radio.com,x,,,,,,,,,,,,x,,,,x
NewOrleans_LA,WWL-AM,https://wwl.radio.com,,,,,,,,,,,,x,,,,,
Norfolk-VA,WNVZ-FM,https://z104.radio.com,x,,,,x,,,,,,x,,,,,,
Norfolk-VA,WPTE-FM,https://pointradio.radio.com,x,,,,,,,,,x,x,,,,,,
Norfolk-VA,WPTE-HD2,https://k94hd2.radio.com,x,,,,,x,x,,,,,,,,,,
Norfolk-VA,WVKL-FM,https://957rnb.radio.com,x,,,,,,,,,,,,x,,,,x
Norfolk-VA,WWDE-FM,https://2wd.radio.com,x,x,,,,,,,,,,,,,,,
"Orlando, FL",WOMX-FM,https://mix1051.radio.com,x,,,,,,,,,x,x,,,,,,
"Orlando, FL",WOCL-FM,https://1059sunnyfm.radio.com,x,,x,,,x,,,,,,,,,,,
"Orlando, FL",WQMP-FM,https://fm1019.radio.com,,,,x,,,,,,,,,,,,,
"Orlando, FL",Downtown Food & Wine Fest,http://downtownfoodandwinefest.radio.com,,,,,,,,,,,,,,,,,
"Palm Springs, CA",KEZN-FM,https://sunny1031fm.radio.com,,,,,,,,,,,,,,,,,
"Philadelphia, PA",WBEB-FM,https://b101philly.radio.com/,x,x,,,,,,,,,,,,,,,
"Philadelphia, PA",WOGL-FM,https://wogl.radio.com,x,,x,,,x,,,,,,,,,,,
"Philadelphia, PA",WTDY-FM,https://965tdy.radio.com,x,,,,x,,,,,,x,,,,,,
"Philadelphia, PA",EVNT-WB,https://wingbowl.radio.com,,,,,,,,,,,,,,,x,,
"Philadelphia, PA",KYW-AM,https://kywnewsradio.radio.com,,,,,,,,,,,,x,,,,,
"Philadelphia, PA",WPHT-AM,https://1210wpht.radio.com,,,,,,,,,,,,x,,,,,
"Philadelphia, PA",WIP-FM,https://94wip.radio.com,,,,,,,,,,,,,,,x,,
"Phoenix, AZ",KALV-FM,https://live1015phoenix.radio.com,x,,,,x,,,,,,x,,,,,,
"Phoenix, AZ",KOOL-FM,https://kool.radio.com,x,,x,,,x,,,,,,,,,,,
"Phoenix, AZ",KMLE-FM,https://kmle1079.radio.com,x,,,,,,,x,,,,,,,,,
"Pittsburgh, PA",WBZZ-FM,https://starpittsburgh.radio.com,x,,,,,,,,,x,x,,,,,,
"Pittsburgh, PA",WDSY-FM,https://y108.radio.com,x,,,,,,,x,,,,,,,,,
"Pittsburgh, PA",KDKA-AM,https://kdkaradio.radio.com,,,,,,,,,,,,x,,,,,
"Pittsburgh, PA",KDKA-FM,https://937thefan.radio.com,,,,,,,,,,,,,,,x,,
Portland-OR,KGON-FM,https://kgon.radio.com,,,,,,x,x,,,,,,,,,,
Portland-OR,KNRK-FM,https://947.radio.com,,,,x,,,,,,,,,,,,,
Portland-OR,KRSK-FM,https://1051thebuzz.radio.com,x,,,,,,,,,x,x,,,,,,
Portland-OR,KWJJ-FM,https://thewolfonline.radio.com,,,,,,,,x,,,,,,,,,
Portland-OR,KYCH-FM,https://charliefm.radio.com,x,x,,,,,,,,,,,,,,,
Portland-OR,KFXX-AM,https://1080thefan.radio.com,,,,,,,,,,,,,,,x,,
Richmond-VA,WBTJ-FM,https://1065thebeat.radio.com,x,,,,,,,,x,,,,,,,,x
Richmond-VA,WRVQ-FM,https://q94.radio.com,x,,,,x,,,,,,x,,,,,,
Richmond-VA,WRXL-FM,https://xl102richmond.radio.com,,,,x,,,,,,,,,,,,,
Richmond-VA,WRXL-HD2,https://big985country.radio.com,x,,,,,,,x,,,,,,,,,
Richmond-VA,WTVR-FM,https://mix981richmond.radio.com,x,x,,,,,,,,,,,,,,,
Richmond-VA,WRVA-AM/FM,https://newsradiowrva.radio.com,,,,,,,,,,,,x,,,,,
Richmond-VA,WRNL-AM,https://thefanrichmond.radio.com,,,,,,,,,,,,,,,x,,
"Riverside, CA",KFRG-FM,https://kfrog.radio.com,x,,,,,,,x,,,,,,,,,
"Riverside, CA",KVFG-FM,https://103theroute.radio.com,,,x,,,x,,,,,,,,,,,
"Riverside, CA",KMPS-AM,https://910cbssportsradio.radio.com,,,,,,,,,,,,,,,x,,
Rochester-NY,WBEE-FM,https://wbee.radio.com,x,,,,,,,x,,,,,,,,,
Rochester-NY,WBZA-FM,https://rochesterbuzz.radio.com,x,x,,,,,,,,,,,,,,,
Rochester-NY,WCMF-FM,https://wcmf.radio.com,x,,,,,x,x,,,,,,,,,,
Rochester-NY,WPXY-FM,https://98pxy.radio.com,x,,,,x,,,,,,x,,,,,,
Rochester-NY,WROC-AM,https://espnrochester.radio.com,,,,,,,,,,,,,,,x,,
Rochester-NY,EVNT-RC,https://roccityribfest.radio.com,,,,,,,,,,,,,,,,,
Sacramento-CA,KKDO-FM,https://alt947.radio.com,,,,x,,,,,,,,,,,,,
Sacramento-CA,KRXQ-FM,https://krxq.radio.com,,,,,,,,,,,,,,x,,,
Sacramento-CA,KRXQ-HD2,https://sacchristmas.radio.com,,,,,,,,,,,,,,,,,
Sacramento-CA,KSEG-FM,https://eagle969.radio.com,x,,,,,x,x,,,,,,,,,,
Sacramento-CA,KSFM-FM,https://ksfm.radio.com/,x,,,,,,,,x,,,,,,,,x
Sacramento-CA,KUDL-FM,https://endonline.radio.com,x,,,,x,,,,,,x,,,,,,
Sacramento-CA,KIFM-AM,https://espn1320.radio.com,,,,,,,,,,,,,,,x,,
San Deigo-CA,KBZT-FM,https://alt949.radio.com,,,,x,,,,,,,,,,,,,
San Deigo-CA,KBZT-HD2,https://bobsd.radio.com,,,,,,,,,,,,,,,,,
San Deigo-CA,KBZT-HD3,https://glowsd.radio.com,x,,,,,,,,,,,,,,,,
San Deigo-CA,KSON-FM,https://kson.radio.com,x,,,,,,,x,,,,,,,,,
San Deigo-CA,KXSN-FM,https://sunny981sd.radio.com,x,,x,,,x,,,,,,,,,,,
San Deigo-CA,KXSN-HD2,https://smoothjazzsd.radio.com,,,,,,,,,,,,,,,,,
San Deigo-CA,KSON-HD2,https://kson.radio.com/hd2/kson-legendary,,,,,,,,,,,,,,,,,
"San Diego, CA",KYXY-FM,https://kyxy.radio.com,x,x,,,,,,,,,,,,,,,
"San Diego, CA",KWFN-FM,http://973thefansd.radio.com,,,,,,,,,,,,,,,x,,
"San Diego, CA",KWFN-HD2,https://angryplaylist.radio.com,,,,,,,,,,,,,,x,,,
"San Francisco, CA",KLLC-FM,https://radioalice.radio.com,x,,,,,,,,,x,x,,,,,,
"San Francisco, CA",KITS-FM,https://alt1053.radio.com,,,,x,,,,,,,,,,,,,
"San Francisco, CA",KCBS-AM,https://kcbsradio.radio.com,,,,,,,,,,,,x,,,,,
SanFrancisco-CA,KRBQ-FM,https://q102sf.radio.com,x,,,,,,,,,,,,,,,x,x
SanFrancisco-CA,KGMZ-FM,https://957thegame.radio.com,,,,,,,,,,,,,,,x,,
Seattle-WA,KHTP-FM,https://hot1037seattle.radio.com,x,,,,,,,,,,,,,,,x,x
Seattle-WA,KISW-FM,https://kisw.radio.com,,,,,,,,,,,,,,x,,,
Seattle-WA,KKWF-FM,https://seattlewolf.radio.com,x,,,,,,,x,,,,,,,,,
Seattle-WA,KNDD-FM,https://1077theend.radio.com,,,,x,,,,,,,,,,,,,
Seattle-WA,KSWD-FM,https://941thesoundseattle.radio.com,x,x,,,,,,,,,,,,,,,
Springfield-MA,WHLL-AM,https://springfieldcountry.radio.com,x,,,,,,,x,,,,,,,,,
Springfield-MA,WMAS-FM,https://947wmas.radio.com,x,x,,,,,,,,,,,,,,,
"St Louis, MO",KEZK-FM,https://kezk.radio.com,x,x,,,,,,,,,,,,,,,
"St Louis, MO",KYKY-FM,https://y98.radio.com,x,,,,,,,,,x,x,,,,,,
"St Louis, MO",KNOU-FM,https://now963.radio.com,x,,,,x,,,,,,x,,,,,,
"St Louis, MO",KMOX-AM,https://kmox.radio.com,x,,,,,,,,,,,x,,,,,
"St Louis, MO",KFTK-FM,https://971talk.radio.com,,,,,,,,,,,,x,,,,,
Washington D.C.,WIAD-FM,https://947thedrive.radio.com,,,x,,,x,,,,,,,,,,,
Washington D.C.,WPGC-FM,https://wpgc.radio.com,,,,,,,,,x,,,,,,,,x
Washington D.C.,WLZL-FM,https://elzolradio.radio.com,,,,,,,,,,,,,,,,,
Washington D.C.,WJFK-FM,https://thefandc.radio.com,,,,,,,,,,,,,,,x,,
Washington DC,NATL-CV,https://connectingvets.radio.com,,,,,,,,,,,,,,,,,
Wichita-KS,KDGS-FM,https://power935.radio.com,,,,,,,,,x,,,,,,,,x
Wichita-KS,KEYN-FM,https://keyn.radio.com,,,x,,,x,,,,,,,,,,,
Wichita-KS,KFBZ-FM,https://1053thebuzz.radio.com,,,,,,,,,,x,x,,,,,,
Wichita-KS,KNSS-AM,https://knss.radio.com,,,,,,,,,,,,x,,,,,
Wichita-KS,KFH-FM,https://kfh.radio.com,,,,,,,,,,,,,,,x,,
WilkesBarre-PA,WGGY-FM,https://froggy101.radio.com,x,,,,,,,x,,,,,,,,,
WilkesBarre-PA,WKRZ-FM,https://985krz.radio.com,x,,,,x,,,,,,x,,,,,,
WilkesBarre-PA,WKRZ-HD2,https://themountainradio.radio.com,,,,,,,,,,,,,,x,,,
WilkesBarre-PA,WMQX-FM,https://max1023.radio.com,x,,x,,,x,,,,,,,,,,,
WilkesBarre-PA,WILK-AM,https://wilknews.radio.com,,,,,,,,,,,,x,,,,,